Usario 1; usuario1@email.com;123456
Usario 2; usuario2@email.com;123456
Usario 3; usuario3@email.com;123456
Usario 4; usuario4@email.com;123456
Usario 5; usuario5@email.com;123456
Usario 6; usuario6@email.com;123456
Usario 7; usuario7@email.com;123456
Usario 8; usuario8@email.com;123456
Usario 9; usuario9@email.com;123456
Usario 10; usuario10@email.com;123456
Usario 11; usuario11@email.com;123456
Usario 12; usuario12@email.com;123456
Usario 13; usuario13@email.com;123456
Usario 14; usuario14@email.com;123456
Usario 15; usuario15@email.com;123456
Usario 16; usuario16@email.com;123456
Usario 17; usuario17@email.com;123456
Usario 18; usuario18@email.com;123456
Usario 19; usuario19@email.com;123456
Usario 20; usuario20@email.com;123456